MAE,RMSE,MAPE,R2
0.4148156810908041,0.5259027431243052,0.8331709194236042,0.9114714493688247
